﻿<parameters>
  <parameter name="IIS Web Application Name" defaultValue="Default Web Site/ExFlowDynamics_deploy" tags="IisApp">
    <parameterEntry kind="ProviderPath" scope="IisApp" match="^C:\\vs\\johanb\\ExFlowDynamics\\ExFlowDynamics\\ExFlowDynamics\\obj\\ReleaseToAzure\\Package\\PackageTmp$" />
    <parameterEntry kind="ProviderPath" scope="setAcl" match="^C:\\vs\\johanb\\ExFlowDynamics\\ExFlowDynamics\\ExFlowDynamics\\obj\\ReleaseToAzure\\Package\\PackageTmp$" />
  </parameter>
  <parameter name="Add write permission to App_Data Folder" description="Add write permission to App_Data folder" defaultValue="{IIS Web Application Name}/App_Data" tags="Hidden">
    <parameterEntry kind="ProviderPath" scope="setAcl" match="^C:\\vs\\johanb\\ExFlowDynamics\\ExFlowDynamics\\ExFlowDynamics\\obj\\ReleaseToAzure\\Package\\PackageTmp\\App_Data$" />
  </parameter>
  <parameter name="StorageConnection-Web.config Connection String" description="StorageConnection Connection String used in web.config by the application to access the database." defaultValue="DefaultEndpointsProtocol=https;AccountName=devexflowlab365;AccountKey=tqxCWEE2hEl4Np7jvnV5ncQiZfyybqz662W3GvN7RjfQe2f9uNcDZnGKu6X2P2q0zFtnUJ82Bq3F8agkRlv/PQ==;" tags="SqlConnectionString">
    <parameterEntry kind="XmlFile" scope="C:\\vs\\johanb\\ExFlowDynamics\\ExFlowDynamics\\ExFlowDynamics\\obj\\ReleaseToAzure\\Package\\PackageTmp\\Web\.config$" match="/configuration/connectionStrings/add[@name='StorageConnection']/@connectionString" />
  </parameter>
  <parameter name="KeyValueStorageConnection-Web.config Connection String" description="KeyValueStorageConnection Connection String used in web.config by the application to access the database." defaultValue="DefaultEndpointsProtocol=https;AccountName=devexflowlab365;AccountKey=tqxCWEE2hEl4Np7jvnV5ncQiZfyybqz662W3GvN7RjfQe2f9uNcDZnGKu6X2P2q0zFtnUJ82Bq3F8agkRlv/PQ==;" tags="SqlConnectionString">
    <parameterEntry kind="XmlFile" scope="C:\\vs\\johanb\\ExFlowDynamics\\ExFlowDynamics\\ExFlowDynamics\\obj\\ReleaseToAzure\\Package\\PackageTmp\\Web\.config$" match="/configuration/connectionStrings/add[@name='KeyValueStorageConnection']/@connectionString" />
  </parameter>
</parameters>